date,ticker,close,return_1d,return_5d,return_21d,volatility_21d_annualized,ma20,ma60,rsi14,trend_state
2026-10-07,AAPL,336.67,0.009111915896142797,0.010960376357206147,0.06467020469321394,0.19969014673202484,334.478,323.5892,49.58,Above MA20/60
2026-10-07,IWM,277.7,-0.01293802579881942,-0.0006837325250661497,-0.0551284790948513,0.11899199758454727,282.9529,291.6368,34.87,Below MA20/60
2026-10-07,MSFT,529.76,0.0008691138924343811,0.03287187473001851,0.07249720958319283,0.20298765237379712,506.619,478.5181,73.85,Above MA20/60
2026-10-07,NVDA,237.47,-0.00739844604505957,0.039802067359421045,0.0531862353323489,0.23762251523291242,225.5785,217.9006,77.02,Above MA20/60
2026-10-07,QQQ,757.73,-0.0025406007213888415,0.024277762633419853,0.05590447650701158,0.15173261759075984,733.5183,716.6847,78.05,Above MA20/60
2026-10-07,SPY,777.22,-0.0024003081645026514,0.01913111958210245,0.017220167780187312,0.10233076695965045,765.8936,760.9068,66.4,Above MA20/60
2026-10-07,XLE,63.36,-0.006117637484681415,0.03024391236344015,-0.015954628835402218,0.194695598282077,63.1571,61.4242,44.72,Above MA20/60
2026-10-07,XLF,53.75,-0.004813892420165944,0.006554278354308218,-0.05863470150108796,0.1129994941913237,54.9537,56.4383,27.24,Below MA20/60
2026-10-07,XLK,201.39,-0.003019805001740372,0.02881225741838289,0.07321569478226198,0.17465293719917357,193.2571,185.9883,81.61,Above MA20/60
